time,dist
28,71.24
25,52.53
27,64.54
22,55.69
25,54.58
10,41.91
20,58.64
8,52.02
34,31.25
19,44.31
40,49.35
45,58.07
22,44.22
19,55.73
43,46.63
32,52.97
35,46.25
27,51.55
26,57.05
30,58.45
23,43.42
37,55.68
18,55.15
22,43.84
32,59.26
41,37.14
29,64.3
16,45.75
23,45.97
39,56.04
45,33.64
33,41.67
39,50.68
35,54.22
29,56.2
41,46.16
24,50.22
33,49.66
37,38.61
36,55.28
41,57.87
12,61.69
21,37.41
32,53.83
22,62.98
13,46.97
24,58.03
36,59.87
31,81.34
26,48.56
23,17.66
21,46.01
26,45.34
31,39.64
36,51.22
31,36.21
55,47.32
27,54.87
6,58.97
42,57.3
32,59.94
25,61.72
23,53.19
38,35.13
20,48.47
43,51.17
39,42.14
35,54.31
32,48.93
44,53.51
24,51.72
10,49.86
41,49.2
39,60.2
20,54.06
30,72.91
40,61.92
24,44.2
39,60.75
37,68.36
20,56.39
15,38.19
27,66.19
17,58.2
22,47.55
16,37.62
26,17.81
29,31.25
41,61
33,40.98
24,53.69
9,51.46
29,64.57
23,53.79
34,64.28
24,38.41
42,58.89
33,44.17
43,50.41
28,63.63
24,45.78
20,55.61
5,67.23
38,49.69
30,54.6
59,40.94
36,43.84
19,56.36
23,69.53
19,51.48
41,52.93
8,55.52
23,52.14
21,62.86
33,37.53
25,63.47
33,62.11
25,43.52
27,47.97
37,42.27
30,56.05
37,62.08
53,35.25
25,39.81
33,60.27
22,53.41
27,56.28
25,53.31
30,55.24
29,44.97
43,40.3
42,47.18
34,46.4
15,35.11
38,54.33
64,54.59
50,61.67
19,52.39
6,52.37
25,40.84
27,27.42
31,44.79
37,59.84
45,36
10,47.64
37,51.85
15,59.73
37,42.96
27,51.84
23,59.62
30,58.82
30,50.93
23,41.35
45,24.58
22,57.74
33,38.14
20,51.82
17,41.37
24,55.01
53,64.56
35,46.09
20,57.81
23,46.31
37,66.62
17,42.89
23,40.82
41,50.55
40,40.43
25,53.36
27,44.83
35,35.87
23,46.95
20,47.75
26,57.12
43,38.03
45,54.31
39,50.29
24,33.6
44,45.13
31,31.68
4,72.36
55,48.43
36,44.48
20,56.54
50,54.11
29,49.51
36,50.66
23,61.82
15,50.45
43,67.7
12,41.61
31,39.63
31,36.08
27,45.18
28,49.33
45,48.66
25,53.81
44,35.57
39,48.83
40,69.14
59,60.75
39,52.01
45,47.88
30,40.3
30,48.52
37,55.06
28,48.45
40,58.65
21,69.29
21,51.7
18,69.95
37,53.04
27,47.97
26,64.01
23,61.76
28,49.98
27,81.96
25,56.56
30,51.69
40,54.83
39,54.97
27,44.07
40,45.95
22,42.24
49,43.52
31,51.33
55,56.68
24,51.06
28,41.95
27,53.56
45,47.86
34,43.74
39,41.22
42,45.82
25,44.74
30,53.88
29,44.4
35,59.01
19,53.27
25,45.62
53,53.16
51,50.91
42,33.53
33,46.92
35,59.24
32,48.37
21,50.26
30,38.14
26,63.42
14,57.46
33,63.79
30,58.13
41,56.35
3,52.95
27,55.65
34,29.44
39,49.58
33,31.3
29,43.48
34,48.94
32,43.93
36,53.83
21,53.69
8,60.33
42,40.97
21,49.29
34,56.06
32,66.16
23,32.61
25,37.37
38,46.04
33,57.17
31,41.06
36,47.21
44,55.74
25,56.34
11,61.53
38,61.4
29,59.03
22,26.76
34,48.24
33,50.84
28,64.25
15,23.06
23,47.25
33,59.19
17,32.71
25,48.87
24,58.68
25,51.16
34,49.48
36,16.05
51,53.49
19,57.19
37,49.38
16,38.82
37,49.88
30,48.81
42,58.86
39,45.22
25,49.25
49,71.53
38,49.41
21,63.19
22,48.68
34,50.11
24,43.56
23,49.36
21,23.03
30,36.14
26,37.48
35,46.35
27,41.54
36,66.05
27,47.09
35,33.84
37,41.45
9,56.09
34,54.66
47,53.23
33,53.51
37,48.56
30,35.91
28,58.04
19,37.16
16,42.45
41,62.65
35,51.42
22,46.31
33,51.36
41,63.62
39,56.54
36,48.58
37,30.37
37,51.75
24,61.68
33,56.54
13,41.22
35,46.08
39,53.21
21,57.95
45,53.4
40,50.32
37,62.06
36,32.9
15,43.48
25,47.76
4,41.61
37,28.72
40,53.37
34,37.81
46,48.7
40,53.23
33,43.47
30,64.55
38,59.34
49,29.92
39,45.67
36,44.99
13,51.07
38,57.87
34,57.9
32,45.41
33,66.97
40,49.37
21,49.54
61,51.73
30,29.68
38,66.12
30,52.68
46,50.32
40,63.2
25,45.12
22,38.69
32,50.77
23,48
47,55.36
48,53.11
28,38.51
21,38.96
30,27.4
35,34.95
31,68.86
28,60.4
38,37.33
24,59.63
43,33.92
6,43.98
31,53.74
33,45.51
19,55.09
18,68.87
19,58.44
19,43.75
33,47.07
28,47.89
41,53.3
37,57.02
31,43.44
21,38.49
24,61.08
41,62.52
34,60.04
20,53.63
46,44.96
50,43.37
30,31.88
37,41.01
13,53.72
18,48.05
41,63.38
22,55.92
22,51.54
34,39.27
14,59.22
14,57.77
9,60.84
21,63.59
30,53.12
9,58.89
36,61.69
24,49.56
29,45.44
21,50.28
35,47.42
28,45.8
23,38.07
24,44.13
59,51.91
36,51.7
19,39.66
26,49.73
24,52.86
29,55.81
24,42.86
25,52.31
28,62.35
16,32.9
23,48.51
12,45.33
12,49.09
14,37.89
17,67.15
32,48.01
28,45.44
22,52.54
40,59.23
37,31.85
54,49.4
25,51.11
47,64.34
42,58.32
13,46.99
34,65.75
12,62.34
38,51.33
27,50
27,63.06
24,64.66
36,54.99
35,40.95
40,52.29
30,40.47
42,59.56
46,58
34,55.12
26,59.21
39,65.54
24,55.64
40,62.4
22,51.01
24,48.83
35,57.58
34,47.21
26,49.26
30,59.51
33,46.12
37,51.7
17,85.36
35,40.04
5,34.77
4,45.1
8,56
5,38.14
5,53.39
7,50.55
6,48.8
3,55.99
4,48.37
6,55.19
5,51.51
9,43.29
7,44.96
5,43.45
8,48.92
6,52.9
5,50.99
5,45.08
2,53.36
4,53.27
6,51.93
6,64.96
5,49.22
7,59.82
4,45.24
7,60.4
5,35.14
6,43.86
6,57.49
7,47.98
7,48.33
3,52.42
6,40.59
3,42.54
6,39.43
4,67.04
5,32.58
9,41.75
4,55.95
4,49.61
8,43.04
5,33.5
6,47.25
7,47.47
8,29.47
2,52.55
3,52.6
6,58.98
4,44.94
7,59.72
5,57.38
6,46.76
5,35.58
10,42.55
5,46.44
1,29.66
8,30.77
8,65.73
6,73.5
3,41.94
6,38.2
4,49.47
6,42.9
4,44.02
6,74.03
7,41.73
4,63.6
4,59.71
4,51.75
5,49.68
1,43.6
6,60.76
2,44.84
4,53.99
4,46.74
7,48.99
4,56.28
3,49.19
5,51.3
6,62.3
5,64.5
3,43.31
4,50.87
1,33.18
2,60.07
2,47.48
5,38.98
4,61.65
9,60.52
4,50.87
4,40.61
3,61.48
6,50.18
10,50.89
4,51.97
5,52.07
3,31.06
6,52.44
9,35.84
7,52.66
4,50.39
1,54.05
3,25.78
8,51.53
7,36.51
6,48.2
5,47.23
6,60.59
8,59.46
4,54.7
4,45.16
3,44.92
5,53.44
9,32.54
5,44.51
6,62.26
3,39.05
4,37.68
10,42.33
4,66.06
7,32.94
4,39.67
9,63.08
4,73.78
5,45.24
9,59.71
6,39.79
6,35.93
5,49.1
8,50.22
8,68.63
6,62.03
7,55.64
8,55.4
8,52.28
1,39.84
5,35.52
3,48.79
2,70.7
4,61.92
4,59.86
5,68.37
4,47.65
0,46.7
1,31.24
10,49.47
8,50.58
6,38.61
6,42.83
7,59.72
2,50.21
7,38.04
6,66.87
3,31.07
6,57.66
5,50.89
5,35.99
4,62.2
2,56.52
1,63.05
3,46.99
2,30.45
6,58.23
5,37.05
4,31.14
4,28.91
4,58.82
3,34.34
3,32.49
3,57.76
4,73.89
8,38.4
5,44.13
6,42.26
7,45.89
8,62.56
6,53.54
4,55.4
3,48.81
7,51.01
7,36.88
6,56.42
4,39.94
8,38.7
6,47.39
3,64.67
5,67.47
6,49.39
6,43.1
5,34.03
0,32.72
5,60.65
6,57.26
4,55.1
4,61.06
4,38.91
3,51.35
6,56.87
5,50.2
6,55.34
3,47.95
6,47.47
6,35.44
8,31.45
3,28.16
6,68.57
5,41.5
8,53.75
5,37.47
4,55.63
7,50.45
3,51.61
7,38.08
5,37.26
4,33.01
6,45.87
4,45.45
8,53.15
5,54.58
2,53.08
4,43.09
4,34.46
4,52.19
5,55.54
5,51.45
1,62.7
8,50.18
6,53.44
4,53.42
4,54.52
6,50.89
9,64.49
8,51.92
6,57.49
1,42.97
4,43.27
6,44.69
3,54.16
4,50.07
5,48.42
6,42.59
4,50.69
3,62.86
2,51.78
3,47.89
1,38.05
4,54.09
4,38.88
5,58
5,42.04
2,35.44
8,43.73
5,65.7
5,43.3
3,54.89
6,54.69
6,46.22
5,47.7
8,39.19
3,57.11
7,47.65
2,38.13
4,33.77
6,54.62
4,51.86
6,56.75
4,50.98
6,46.99
4,52.3
5,47.64
9,28.82
2,53.48
6,45.16
4,56.73
4,71.55
2,32.1
3,41.81
3,52.98
3,43.82
3,40.81
8,46.33
6,37.48
4,42.87
5,54.26
6,46.69
6,48.46
8,56.82
4,48.73
4,38.76
2,38.23
6,54.06
9,42.25
3,35.22
5,43.64
5,45.7
6,45.41
4,70.97
4,36.19
3,56.54
1,44.52
6,42.87
5,33.86
10,65.17
4,42.75
6,42.59
3,45.15
3,49.7
2,55.39
6,32.12
6,60.07
3,62.34
3,75.84
8,49.46
7,58.15
9,49.1
4,45.97
6,37.1
6,55.74
6,42.81
5,53.28
3,43.15
4,54.53
4,69.29
4,42.99
4,66.21
5,50.94
6,53.75
5,45.17
7,44.64
7,39.62
7,54.55
4,53.05
1,54.35
6,48.64
5,49.34
2,46.83
4,31.81
3,34.46
5,27.3
3,53.95
6,46.57
6,33.36
7,36.42
5,65.73
5,49.9
3,56.31
3,33.04
10,48.62
5,47.42
4,68.57
4,45.07
7,56.07
6,47.01
6,51.53
7,51.81
6,66.83
4,50.79
2,46.33
11,30.52
1,41.67
7,53.38
6,60.45
3,41.56
4,28.94
8,43.5
6,56.31
4,67.77
2,41.93
5,71.73
0,57.04
7,38.44
5,55.64
2,57.39
3,60.07
2,46.69
3,46.59
3,55.64
4,46.09
2,46.25
8,61.75
4,66.17
6,58.07
4,56.07
6,49.81
5,49.75
9,35.17
5,55.71
4,49.71
3,48.97
5,61.79
7,42.77
8,47.63
4,67.19
3,52.03
5,55.64
5,44.09
7,49.52
4,49.78
5,39.56
8,50.54
9,39.46
5,41.69
8,48.03
5,37.91
4,40.81
2,58.1
5,49.63
7,59.36
6,37.14
6,49.41
2,57.34
7,46.58
6,42.21
2,41.14
3,37.63
5,60.88
3,64.56
6,58.97
6,51.2
3,52.84
5,22.36
2,60.75
4,60.38
1,64.18
6,71.11
3,31.35
4,52.38
4,54.01
5,51.31
3,65.89
7,51.92
5,57.51
3,48.94
6,34.86
3,42.96
4,38.96
8,41.74
5,66.37
4,31.92
6,52.07
5,55.77
4,59.03
7,49.53
7,56.58
7,33.62
6,70.55
2,63.68
9,61.78
8,39.21
5,37.13
6,57.08
8,24.9
5,55.34
7,43.47
6,73.8
10,58.36
4,52.88
6,44.65
5,46.85
7,55.2
0,58.28
6,67.36
5,50.38
1,56.21
6,47.79
5,63.18
5,57.18
6,58.44
6,60.4
4,43.94
3,53.34
3,42.96
3,46.07
9,52.09
5,57.35
7,72.05
4,55.19
4,33.32
4,51.53
5,52.11
7,46.24
6,51.59
6,63.62
5,59.02
6,53.71
6,60.37
9,56
5,58.05
6,50.86
8,39.44
8,44.61
10,54.2
5,36.76
4,74.83
6,46.57
4,50.74
4,46.85
4,52.01
6,63.96
2,68.24
7,43.22
6,51.73
5,44.04
6,53.66
4,54.99
5,59.09
6,64.15
7,28.36
4,57.13
9,54.29
7,70.87
5,46.55
5,64.77
5,48.84
2,51.37
7,75.54
7,44.68
4,46.59
8,46.66
3,50.36
4,51.39
2,53.95
7,57.78
4,45.77
6,44.64
2,42.6
3,63.59
6,53.75
3,55.88
7,31.35
5,42.2
7,50.1
4,40.18
3,43.8
7,41.84
4,57.03
5,70.83
3,54.96
1,72.8
5,45.58
3,61.79
4,39.81
3,60.9
9,53.76
5,55.85
6,63.36
6,63.15
6,58.98
5,44.21
2,42.09
5,39.78
5,70.77
3,54.82
5,54.07
7,56.74
5,42.78
7,22.27
4,43.07
4,43.5
8,58.48
6,40.4
5,54.84
6,51.83
2,53.08
7,51.08
1,63.84
6,40.95
4,48.07
7,63.67
2,56.59
5,39.37
6,46.7
6,50.53
4,54.02
4,47.21
9,48.05
7,52.01
4,65.61
5,58.38
5,51.45
3,51.74
3,54.57
8,53.41
5,46.4
3,39.22
5,56.13
7,48.63
4,40.75
5,50.55
3,45.64
4,59.35
1,50.47
3,36.82
4,46.86
2,43.53
6,48.16
2,48.21
7,59.44
6,42.9
2,57.77
5,46.41
9,40.59
4,44.24
1,60.7
3,52.5
10,56.38
6,45.2
6,48.46
6,48.5
2,45.83
4,54.89
2,38.09
5,52.25
8,48.21
7,50.43
2,50.07
9,48.47
6,66.46
5,40.46
3,15.52
4,62.54
6,39.57
7,47.88
3,27.5
7,45.97
4,42.01
4,62.54
3,46.36
10,47.58
4,51.68
4,71.04
4,55.43
2,36.37
3,52.4
6,36.89
7,54.39
5,54.56
5,60.76
3,30.32
6,58.49
8,59.55
7,30.84
1,44.06
6,37.52
5,64.31
4,50.05
6,54.52
5,56.53
8,59.16
6,56.49
4,33.68
7,54.42
5,47.62
7,52.44
7,55.47
8,41.38
3,60.32
5,42.71
8,41.83
4,48.98
5,57.87
4,41.84
6,55.12
1,38.5
4,37.73
3,36.91
6,37.5
2,60.28
6,45.51
4,51.59
6,49.46
4,57.05
2,41.16
5,55.64
3,56.91
7,57.02
5,60.17
3,45.68
6,68.44
5,58.77
2,51.97
5,58.28
5,50.39
6,23.9
6,36.91
4,48.86
6,70.21
3,61.06
9,49.54
7,47.36
5,54.75
4,62.01
3,56.41
2,32.09
7,42.75
5,73.66
5,54.27
7,42.71
3,46.62
4,45.74
5,53.28
5,41.83
4,48.76
4,47.89
2,49.28
6,56.76
6,42.92
8,44.74
5,51.19
5,41.78
9,47.95
6,58.91
7,52.6
2,53.59
6,48.09
1,39.06
4,57.59
3,44.44
4,59.68
4,57.78
8,27.86
9,48.62
5,54.09
2,39.3
5,38.32
1,43.68
5,53.08
5,55.26
2,51.24
3,50.03
3,49.38
5,68.26
8,44.97
3,43.36
8,42
6,56.86
7,36.67
2,34.28
5,57.2
7,61.23
5,41.21
4,43.36
6,43.16
5,55.7
5,46.44
3,55.43
8,55.96
2,60.51
6,55.29
5,64.11
7,47.18
5,49.05
5,41.91
6,39.94
5,52.03
4,47.6
9,57.05
5,57.45
3,29.65
4,44.09
9,61.38
4,39.04
10,48.86
8,42.99
8,53.51
6,63.68
7,35.51
4,38.84
6,52.64
6,65.57
7,47.85
4,57.64
7,62.54
7,52.2
7,35.54
6,41.49
6,49.31
6,33.9
4,41.13
1,57.57
6,40.22
4,39.79
4,56.45
3,51.2
6,54.34
0,75.52
2,37.02
8,57.63
7,37.91
5,36.49
9,44.97
10,49.35
4,53
5,56.63
4,66.45
7,41.42
8,59.14
4,36.8
2,55.03
5,51.24
4,45.52
5,50.75
3,73.97
5,40.05
3,49.55
3,60.58
4,36.12
7,43.7
9,77.82
7,42.41
6,46.46
5,42.52
6,48.96
3,41.59
5,58.07
9,49.89
3,71.42
5,48.29
3,47.24
5,42
8,52.11
5,54.97
9,58.11
4,72.99
2,58.53
4,56.08
3,33.77
3,39.31
8,33.46
8,48.75
5,64.69
2,38.47
3,47.13
9,50.73
2,34.4
5,33.48
7,45.9
3,49.23
6,51.51
5,49.18
5,57.78
5,28.74
5,45.15
7,50.93
5,61.99
3,47.9
4,65.76
8,56.57
4,48.53
7,53.39
8,43.86
6,58.52
7,66.75
5,68.18
5,62.89
4,55.64
6,53.12
9,57.4
6,35.52
3,40
5,58.5
7,27.59
6,45.9
7,62.47
5,38.7
4,53.45
3,56.48
5,58.94
8,58.46
5,58.46
1,57.82
4,46.11
6,57.25
5,35.04
7,38.49
4,62.91
5,51.77
8,34.74
3,48.67
4,72.61
3,41.2
4,45.08
7,54.41
2,36.24
4,43.29
2,35.7
7,49.07
7,53.42
2,66.52
8,54.8
4,51.22
1,40.14
7,45.01
3,67.27
6,55.42
7,45
5,63.99
7,50.13
8,41.71
3,64.48
7,52.58
5,50.79
8,60.41
6,44.97
3,43.83
7,41.84
5,60.82
7,46.26
4,44.7
3,42.04
1,38.93
5,57.13
1,37.52
3,59.66
4,49.6
7,40.66
7,48.05
3,55.67
3,43.35
6,46.51
7,70.91
7,44.03
6,35.2
5,43.3
6,44.78
5,52.82
5,37.21
6,42.7
8,33.32
6,58.67
7,58.13
6,47.11
6,45.39
6,39.61
4,63.94
3,45.15
6,59.59
4,64.19
7,45.63
3,47.64
8,63.75
5,54.16
4,66.42
4,45.96
6,37.21
7,70.05
3,54.32
5,49.09
7,47.47
6,56.14
5,47.57
9,55.15
9,52.99
4,68.57
5,35.46
6,27.32
2,44.74
5,46.55
7,36.59
0,45.58
9,68.64
5,36.22
6,43.94
5,39.21
5,32.36
6,70.25
7,51.06
6,46.92
7,44.49
2,62.01
7,32.33
3,54.26
6,52.53
8,50.69
5,53.79
2,36.19
4,42.01
5,31.12
6,56.16
2,62.38
6,52.32
3,34.81
4,42.03
8,43.61
7,63.2
4,41.61
5,33.45
8,39.06
1,53.51
3,19.62
7,41.26
3,51.31
2,32.51
7,53.18
5,51.24
4,48.97
3,68.7
5,74.14
6,38.76
6,46.39
2,56.55
10,50.93
1,44.51
4,76.31
3,59.02
6,45.85
6,59.98
5,44.15
11,56.09
5,41.52
4,71.33
4,66.13
5,38.77
7,48.5
5,43.65
10,52.81
7,57.35
4,57.27
6,58.51
7,48.44
3,45.99
8,62.48
1,53.07
5,43.96
6,55.07
2,34.54
6,50.82
8,55.45
7,50.43
8,59.81
3,48.09
8,64.81
7,48.74
1,53.44
3,52.31
6,38.29
9,47.79
7,71.67
5,37.41
7,52.13
2,63.03
2,52.1
5,47.39
5,42.57
5,76.89
6,52.59
8,56.08
1,38.66
5,45.23
5,52.85
6,56.87
4,36.66
2,48.88
4,60.99
6,48.69
6,36.84
5,36.08
3,49.37
5,51.82
4,42.53
6,44.13
6,53.27
6,54.33
6,65.01
4,51.46
6,56.07
5,53.48
1,71.54
3,44.69
6,36.53
4,50.75
7,57.83
3,47.41
6,52.98
6,46.99
5,66.27
9,33.42
4,61.98
1,34.11
7,52.42
5,57.05
5,54.73
2,64.47
7,31.38
5,68.87
5,57.61
8,57.65
4,58.08
6,51.31
6,66.32
5,51.75
6,51.75
5,34.26
6,48.79
2,23.46
4,61.32
5,44.18
7,38.98
8,41.52
5,64.71
4,55.04
3,41.94
6,46.88
3,73.97
5,35.55
9,51.54
4,53.32
2,63.86
8,33.69
6,47.34
4,35.38
4,61.31
1,55.71
3,58.87
5,43.3
8,36.19
5,47.62
5,39.87
9,51.76
5,46.82
8,59.73
7,60.88
4,55.99
3,46.93
2,62.48
5,59.47
5,49.09
5,42.49
5,36.63
6,57.03
6,40.71
6,42.1
3,53.8
2,53.5
6,37.27
6,44.17
5,39.32
6,48.39
5,57.14
3,47.26
5,38.03
5,31.36
6,68.26
2,54.23
1,52.52
3,52.19
4,78.26
4,78.56
5,58.48
7,47.36
6,50.25
2,76.26
4,34.12
7,49.99
6,60.89
6,51.83
2,40.4
8,64.86
3,51.32
4,55.83
2,61.88
4,45.35
1,55.7
2,40.17
7,61.46
4,41.67
3,44.85
8,53.25
5,41.92
4,63.38
8,55.52
7,59.16
6,62.14
9,33.4
3,41.01
3,39.59
6,48.31
4,47.96
5,40.43
4,50.35
3,46.08
5,48.83
4,50.29
4,56.23
4,36.93
8,51.13
3,45.21
8,47.56
9,49.5
8,41.22
3,65.02
9,61.22
7,39.6
6,59.64
8,50.75
3,55.84
6,51.12
6,54.09
7,45.71
5,64.43
2,51.49
5,42.73
2,55.28
7,46.47
3,65.79
5,42.04
5,52.88
2,51.86
4,42.75
3,41.34
6,37.14
9,51.39
4,41.93
7,64.54
8,50.24
10,43.43
3,26.87
3,55.75
5,51.23
4,45.6
9,53.04
3,74.2
3,68.53
1,61.21
2,51.91
7,39.73
4,63.49
1,41.37
6,58.09
4,41.1
6,29.32
5,53.43
5,42.54
6,48.38
2,53.68
1,43.9
4,50.56
4,62.59
3,37.18
6,48.98
6,46.67
3,56.56
3,48.74
3,63.24
11,36.26
2,37.36
1,48.48
7,29.42
5,55.04
2,54.05
1,49.24
5,51.72
7,43.03
7,56.77
5,31.62
2,30.61
4,39.68
4,44.39
9,47.51
5,59.39
5,65.3
3,44.3
3,47.74
7,57.2
3,37.62
3,44.39
5,51.67
4,59.58
7,42.08
5,34.59
8,60.39
6,59.46
3,56.72
4,55.09
3,59.63
4,54.41
5,46.15
4,29.92
3,52.07
6,57.64
3,55.9
4,44.65
6,60.79
6,50.38
3,62.09
4,51.05
2,53.11
7,64.75
6,61.68
5,51.3
1,59.63
6,56.13
4,42.12
7,60.37
6,37.6
4,51.12
2,46.04
10,42.52
10,66.51
5,37.17
5,55.8
4,56.27
8,65.04
6,43.77
7,63.01
6,42.77
8,44.26
9,55.84
7,52.42
5,29.67
8,46.95
5,46.28
5,55.74
3,56.12
4,54.26
1,56.04
8,60.79
5,50.19
6,50.72
2,52.72
5,61.67
5,47.17
5,51.93
6,38.38
9,57.32
4,39.57
4,68.99
7,35.39
8,56.91
4,48.66
4,57.91
6,41.25
8,46.26
2,27.99
5,40.4
3,45.54
6,34.68
6,48.75
7,46.79
6,53.83
5,51.13
7,61.03
5,32.3
5,55.84
4,29.73
5,58.43
3,45.56
7,56.99
4,42.04
3,54.03
5,49.17
6,55.12
6,39.28
4,39.88
8,34.49
7,50.52
2,40.7
3,53.33
5,34.04
11,45.54
8,52.09
8,45.01
3,52.06
5,58.46
7,37.58
2,46.91
8,48.57
7,25.39
8,53.29
3,55.97
7,39.14
4,48.74
2,52.26
7,67.57
4,38.43
4,29.59
8,39.81
3,37.84
2,53.56
2,48.79
2,37.66
7,52.05
6,65.27
6,38.74
3,29.28
3,21.6
0,28.7
7,46.08
5,42.02
1,49.96
9,48.05
5,61.36
7,52.83
4,69.19
3,33.2
5,51.27
2,54.48
7,42.47
5,46.2
2,47.92
5,49.43
5,38.26
5,30.5
7,48.88
4,49.45
6,60.69
7,57.36
6,51.15
1,30.3
3,55.41
3,44.98
10,56.9
5,36.37
1,55.2
9,66.98
3,65.93
5,50.89
3,40.97
3,46.17
5,43.19
6,42.01
6,66.26
6,48.41
10,64.68
2,65.17
4,40.48
7,38.74
4,39.83
3,42.94
7,54.04
6,35.32
4,62.47
7,39.72
9,47.95
7,40.29
5,51.25
3,51.77
8,32.28
5,44.08
4,52.84
3,48.98
8,57
5,58.22
2,41.38
7,45.01
9,43.28
9,52.78
8,37.25
3,53.88
6,53.84
1,52.7
4,44.56
7,50.16
4,51.76
4,40.61
8,56.47
6,41.94
7,62.92
7,65.48
2,48.82
4,39.13
4,30.27
6,47.01
4,39.04
4,36.6
3,60.09
7,38.5
3,60.46
5,48.26
2,46.74
2,44.85
6,61.38
6,63.88
4,44.43
6,59.64
1,55.07
7,56.72
4,52.33
7,47.04
6,45.59
5,45.47
3,50.18
8,38.85
3,51.57
1,56.38
8,43.52
5,53.46
4,45.74
6,46.48
8,50.63
3,43.06
4,34.77
5,47.34
11,59.12
4,41.22
10,46.41
4,45.58
7,45.28
6,55.43
4,54.32
3,40.04
5,62.46
4,60.24
6,54.78
4,52.11
6,46.1
9,46.13
5,45.62
3,56.74
4,42.62
7,74.88
3,33.22
4,39.93
2,60.35
4,54.66
6,34.96
8,58.1
2,46.64
6,63
9,48.1
3,38.66
0,48.91
4,63.5
4,44.26
3,36.23
5,45.16
8,49.35
11,49.73
5,54.63
7,54.04
6,60.63
0,40.05
1,61.61
8,45.63
4,40.1
7,35.24
7,49.02
8,50.07
4,54.38
3,56.85
4,42.39
4,49.53
8,37.42
6,57.2
4,38.4
5,50.1
1,53.42
4,50.55
7,45.7
3,48.56
7,59.31
4,46.6
3,49.49
5,40.67
3,62.34
7,56.89
4,52.19
5,39.67
5,49.69
3,56.33
5,44.21
6,43.54
5,33.63
1,58.27
6,40.18
5,50.38
5,37.68
3,50.65
7,44
8,50.05
7,56.99
5,66.04
2,33.17
6,45.31
8,64.43
4,52.05
4,45.12
8,55.8
4,55.43
4,43.25
4,55.56
8,47.95
5,66.13
2,50.75
4,64.75
7,36.52
4,60.46
9,49.37
7,50.69
8,70.29
2,50.64
4,38.68
3,56.9
8,43.42
6,40
4,66.08
6,62.75
10,50.25
3,41.55
3,51.98
5,56.02
3,47.55
6,45.86
4,44.31
2,63.6
6,51.62
3,47.76
9,49.68
5,45.02
3,37.79
5,49.27
9,39.67
9,50.9
5,29.54
6,44.2
5,59.43
8,45.78
5,48.82
6,51.48
9,36.11
6,47.52
9,57.27
5,47.95
7,49.19
4,54
7,52.27
4,62.39
5,48.22
5,71.83
3,42.53
9,41.02
8,39.76
4,54.67
3,65.55
5,56.67
3,58.09
11,45.26
6,48.47
2,60.23
3,39.97
1,67.34
3,67.87
6,29.69
5,54.15
3,51.15
5,50.1
3,68.64
3,54.16
3,43.23
4,63.62
3,52.73
7,64.16
3,50.08
3,47.15
1,49.3
4,43.37
5,49.88
8,55.95
8,47.52
6,56.61
6,53.26
5,55.77
7,44.67
4,55.07
3,39.75
5,65.73
3,49.55
4,59.63
5,54.67
8,56.32
6,44.71
3,45.95
6,54.84
6,47.34
3,45.73
7,48.84
6,57.45
9,60.97
4,50.64
5,52.12
5,34.72
4,53.49
3,56.82
5,50.26
6,44.29
4,29.93
7,58.14
8,43.63
4,52.03
6,55.81
7,69.54
6,35.54
8,37.06
4,44.46
11,53.36
8,54.1
8,41.54
2,37.17
5,48.39
7,51.92
7,60.39
4,40.03
5,32.36
2,65.55
3,58.83
6,59.37
5,74.91
5,51.97
5,35.67
4,41.93
6,48.01
6,29.85
7,57.22
4,52.76
3,71.84
5,57.11
3,45.24
6,65.49
9,58.16
3,30.44
7,58.54
5,55.85
7,54.94
6,66.46
6,44.42
5,63.96
5,44.38
5,67.31
2,54.63
0,50.98
6,66.8
6,52.43
8,39.4
3,50.63
6,49.28
5,72.16
7,36.74
8,52.48
7,59.95
8,65.88
9,49.83
5,60.85
10,59.7
2,66.76
4,50.68
5,44.67
4,53.88
4,48.34
3,46.08
8,58.53
6,53.43
8,51.34
6,74.11
5,55.79
8,71.3
9,59.34
3,73.13
4,38.97
7,31.88
5,26.14
8,35.39
6,60.21
0,49.17
3,35.29
5,51.57
4,56.01
5,59.08
6,56.78
5,56.02
5,31.3
9,56.1
7,60.55
3,64.6
6,32.09
6,52.49
7,61.01
6,57.26
6,34.42
7,44.44
5,45.53
6,44.78
6,31.13
4,39.02
2,53.34
5,51.01
6,48.81
4,50.16
4,66.56
4,51.05
5,51.44
5,49.22
7,44.82
8,55.23
3,45.51
4,44.53
3,25.9
6,61.28
5,30.89
6,41.6
6,69.79
3,47.48
3,50.64
3,62.55
6,40.97
6,64.38
5,72.33
8,57.8
7,60.3
8,45.25
6,61.46
3,50.14
2,51.31
6,41.42
8,33.65
7,37.09
7,35.76
6,54.8
6,41.47
4,43.54
3,42.72
2,56.12
6,51.91
7,39.26
5,50.81
5,53
8,43.65
5,58.17
5,58.88
6,49.9
3,49.94
3,63.02
4,41.73
2,58.95
6,52.33
7,49.25
6,71.63
8,53.34
5,40.49
2,35.32
3,41.45
5,61.34
8,43.15
5,42.32
4,30.44
6,56.59
4,45.05
7,47.22
4,34.87
4,47.16
3,44.75
9,41.62
4,47.67
7,51.09
8,54.14
5,74.51
7,51.47
6,29.96
6,35.52
7,51.63
8,31.73
5,65.39
10,41.39
5,43.95
8,54.48
8,58.12
4,53.04
4,43.05
7,56.28
8,42.21
3,35.47
8,42.97
2,70.3
3,41.82
10,63.43
3,45.45
6,56.25
1,41.64
5,49.85
5,44.93
6,45.35
3,66.26
1,56.11
4,40.37
4,27.14
6,46.89
1,52.27
6,40.92
2,58.37
4,32.08
6,50.93
2,67.87
7,59.36
5,47.05
4,59.87
10,32.52
2,43.65
4,49.98
6,61.27
4,40.5
5,62.04
3,50.56
7,31.4
6,41.91
4,38.34
3,42.44
6,45.94
3,60.7
3,55.02
5,50.91
2,54.92
6,65.84
4,55.84
2,51.61
3,45.94
5,31.39
7,41.02
6,34.61
6,34
0,34.34
4,53.94
3,53.75
5,69.02
5,60.75
3,50.41
5,49.24
5,65.23
7,44.8
6,48.77
3,48.43
8,56.71
5,53.06
8,26.95
4,46.54
4,43.23
1,59.07
4,35.88
7,49.41
7,45
6,58.96
6,60.01
7,43.02
7,43.2
7,62.91
6,39.21
7,40.92
5,41.31
3,69.15
8,69.44
3,48.14
3,53.95
2,62.97
9,74.19
3,51.73
3,28.32
4,46.75
8,47.98
4,43.98
6,41.47
8,77.94
6,53.72
6,60.71
4,52.3
6,56.09
8,25.69
5,45.3
6,58.88
6,59.43
5,57.76
3,47.29
6,28.69
5,42.88
2,57.96
3,46.72
8,60.59
6,36.03
1,64.94
4,53.9
5,49.08
3,38.58
4,38.13
3,46.65
6,46.88
4,49.9
8,48.73
6,31.88
5,62.58
3,61.6
4,52.03
5,28.98
3,64.43
3,48.26
3,53.25
4,45.32
11,49.93
6,50.28
8,48.58
6,67.82
6,59.91
7,64.55
3,58.33
6,32.88
6,57.98
6,52.67
5,51.51
3,54.46
5,69.63
2,49.92
6,48.66
2,38.6
5,39.93
6,66.74
6,40.44
5,52.86
8,39.75
1,61.33
2,57.2
3,65.91
9,40
4,49.98
3,66
4,52.84
5,59.6
6,48.82
6,41.85
9,53.52
6,47.65
6,56.01
1,46.18
8,64.8
8,69.64
2,56.23
4,34.12
1,61.8
4,31.13
8,73.18
6,55.61
2,51.84
4,59.76
7,54.84
6,36.31
4,29.94
4,49.01
5,47.93
4,54.86
8,34.3
4,53.1
4,41.62
9,67.55
6,60.29
3,60.44
6,30.15
7,48.98
4,45.56
7,46.39
3,54.84
7,45.67
5,47
7,40.99
5,50.64
3,53.24
9,61.45
3,48.35
4,33.51
5,47.64
5,31.37
5,41.53
6,56.07
4,54.43
4,65.17
6,50.66
7,56.41
5,49.76
4,44
2,55.67
5,53.45
6,48.64
5,39.16
6,43.46
5,48.79
5,51.7
5,34.76
6,41.93
4,64.32
6,45.64
5,49.3
4,41.5
5,54.82
4,48.47
1,43.07
6,64.36
5,66.9
6,60.9
5,42.6
5,60.85
2,66.57
6,53.67
11,65.02
4,43.18
3,52
4,54.1
6,47.57
5,49.57
7,44.84
1,55.73
5,37.3
5,55.44
4,47.04
9,51.36
2,70.59
6,56.02
7,46.99
3,53.64
4,39.17
8,39.19
7,52.8
3,55.62
3,43.95
6,39.31
5,42.46
4,47.59
5,40.71
2,31.62
9,31.14
6,39.21
7,50.7
4,47.91
4,54.47
2,47.52
7,65.2
4,59.48
5,62.58
6,50.47
3,53.41
5,83.42
3,58.78
7,41.65
3,53
0,56.12
5,37.54
7,46.08
7,34.55
4,46.45
6,66.17
2,44.1
5,56.24
5,53.48
4,70.32
6,46.94
6,36.98
3,49.3
6,27.04
6,45.28
2,50.03
2,68.13
2,26.78
5,58.24
6,46.98
9,34.04
4,53.49
2,44.63
6,51.27
4,62.51
5,42.25
6,39.53
4,46.59
6,27.8
7,52.12
7,49.26
5,55.56
4,40.53
1,53.96
7,44.44
3,61.23
3,32.67
3,36.99
4,49.41
6,57.89
5,50.86
8,57.64
5,51.43
3,37.73
3,58.56
4,45.26
6,37.1
3,44.41
7,50.62
1,55.14
5,39.01
7,52.11
5,64.48
6,48.69
5,57.18
6,59.04
7,48.86
7,59.12
7,45.86
0,60.78
5,56.91
0,34.95
4,47.84
2,48.14
1,44.89
9,65.76
8,41.39
5,66.81
3,58.92
7,46.72
2,44.12
2,53.59
5,60.9
7,38.06
7,64.21
8,56.61
5,48.03
4,48.63
5,46.73
5,51.97
5,60.65
6,54.41
5,65.88
4,38.04
4,26.27
6,60.05
4,50.65
4,50.07
1,44.68
7,69.88
6,48.53
8,61.06
4,54.4
3,65.32
2,48.91
3,47.33
3,49.7
7,35.97
5,55.46
4,49.48
8,45.89
3,45.69
6,70.45
6,58.45
6,65.42
5,38.21
4,42.86
2,44.62
6,58.27
8,34.84
7,56.96
11,58.07
8,51.52
7,36.76
4,51.86
4,57.16
3,48.67
4,59
2,54.36
4,41.52
5,46.37
6,51.91
6,65.6
4,61.92
5,40.24
5,65.11
7,26.3
6,41.87
6,51.6
4,43.69
7,63.9
3,72.04
4,50.67
1,57.78
3,69.93
6,56.26
7,44.91
7,52.01
5,41.83
5,49.27
5,40.09
5,75.09
4,44.64
6,41.63
5,54.41
5,27.46
5,52.21
4,74.91
5,25.48
4,52.75
7,45.21
6,49.97
5,55.33
6,30.34
4,53.01
6,58.27
6,41.23
4,46.1
5,60.1
7,51.02
4,52.59
2,43.26
8,50.62
8,46.51
5,49.64
4,50.67
9,65.59
7,45.58
5,55.72
4,44.47
5,55.88
6,47.4
8,64.15
1,61.37
4,35.09
5,47.59
4,53.96
5,63.61
4,45.05
5,43.89
7,57.82
3,50.96
5,42.94
1,67.08
6,49.88
5,37.35
6,53.29
5,37.04
4,50.28
6,50.96
6,46.38
4,34.79
7,38.92
4,46.54
10,62.24
1,50.96
6,53.23
2,53.89
5,74.41
5,50.85
1,62.67
8,36.33
8,50.48
4,43.32
2,50.78
4,49.62
4,52.6
9,45.29
3,64.98
4,41.82
4,55.3
7,52.57
2,51.53
4,46.71
3,52.3
6,43.69
6,29.7
5,53.59
8,48.51
3,29.01
9,56.14
5,56.83
7,59.93
4,52.72
3,59.63
4,32.63
5,26.62
5,66.95
2,35.24
4,66.96
6,54.87
1,70.04
6,45.11
2,44.77
7,75.68
5,53.45
6,55.01
4,34.24
5,52.42
5,37
6,49.14
6,49.35
8,32.54
4,52.15
5,47.49
5,54.5
6,31.58
7,59.91
6,34.02
2,57.14
8,38.27
7,33.56
4,57.74
5,51.29
4,51.87
5,41.31
8,16.39
5,56.55
6,41
2,31.72
4,63.75
7,67.15
8,33.66
6,40.32
3,52.41
4,56.56
5,50.32
5,50.72
6,25.17
6,45.32
7,45.15
4,38.63
4,63.43
6,32.45
7,34.68
2,49.89
9,66.63
5,34.11
4,56.86
5,46.14
1,69.49
4,67.46
7,37.83
5,52.81
3,35.42
4,48.84
2,58.43
5,37.76
4,29.88
2,49.48
5,36.84
5,53.5
2,48.95
6,51.91
6,72.14
6,51.91
6,32.58
3,52.68
5,58.94
3,63.95
5,36.88
3,57.25
6,44.51
7,58.4
4,38.4
5,44.95
4,47.87
6,35.83
4,24.58
5,48.71
3,56.67
6,48.72
1,47.6
6,55.05
6,62.81
4,50.86
4,51.63
5,27.83
7,50.4
5,53.69
4,48.17
6,38.25
3,54.66
7,42.41
1,52.04
4,67.41
7,50.71
6,48.45
4,58.03
4,64.12
7,41.6
6,42.32
4,69.72
7,60.39
6,57.86
6,58.88
7,54.94
4,48.64
4,69.66
9,55.4
4,42.27
1,58.67
1,58.64
8,49.85
2,37.14
5,33.95
6,40.72
6,56.34
7,72.41
7,48.52
4,68.6
7,61.86
5,52.59
6,50.94
7,58.56
7,62.48
5,27.48
1,37.26
3,70.3
5,42.54
5,54.23
11,52.43
4,54.87
4,33.42
7,67.51
1,52.69
7,55.16
4,52.11
6,54.27
5,56.07
5,46.64
4,39.64
7,43.58
5,54.64
4,39.87
7,52.7
4,45.53
6,50.34
4,53.39
8,44.5
6,62.6
4,53.76
7,54.1
6,56.2
7,49.33
7,72.9
2,45.83
0,57.25
5,66.67
3,34.86
6,51.34
5,49.93
7,49.43
4,49.56
8,64.63
5,68.18
6,56.45
5,35.82
6,51.35
5,48.34
6,45.94
5,42.37
6,60.81
5,36.82
6,47.77
3,59.02
4,60.99
4,63.68
5,40.54
6,47.81
4,49.72
7,58.11
5,60.73
7,47.39
0,63.15
4,71.55
7,55.78
3,44.77
5,36.18
5,55.18
1,67.74
8,59.16
8,55.51
1,40.01
6,49.71
4,56.49
7,55.05
7,57.91
3,50.49
6,56.18
2,51.35
5,48.29
5,30.16
7,57.01
6,42.9
6,64.85
7,61.21
5,31.6
3,43.61
1,35.6
9,55.47
7,37.15
5,48.09
11,49.65
4,31.25
6,54
4,47.68
6,48.19
7,37.64
1,63.66
5,34.94
4,34.41
2,47.46
6,60.78
4,55.58
4,44.49
5,36.07
7,49.26
6,64.9
3,53.25
7,54.25
3,48.47
5,50.56
7,45.67
3,59.67
5,47.77
9,51.2
5,52.57
7,56.52
6,63.71
8,63.72
3,65.08
5,48.42
2,41.08
5,46.2
7,47.74
5,50.78
5,62.3
2,38.42
6,51.55
6,41.31
5,57.2
7,51.97
4,34.74
4,62.81
4,55.97
6,54.99
4,58.13
6,66.86
11,45.03
7,53.54
8,23.2
6,64.13
3,53.11
8,62.58
2,57.68
5,29.13
5,58.83
7,44.83
7,40.46
4,58.92
6,56.04
6,41.14
7,48.35
1,56.17
5,47.57
5,44.22
4,52.85
7,41.15
4,47.82
3,66.89
7,43.25
5,74.47
2,47.43
3,49.34
3,56.37
4,50.64
5,60.36
5,45.74
5,60.32
5,59.08
5,40.87
1,63.55
4,54.65
4,53.47
5,41.7
7,55.76
5,53.33
4,49.58
5,40.9
5,54.32
11,52.11
3,54.34
5,41.75
5,49.19
6,46.8
8,30.97
4,42.42
6,30.31
10,32.95
6,58.13
3,64.32
4,39.93
3,40.63
6,48.81
2,40.34
9,54.29
7,47.92
6,55.11
6,58.93
6,34.04
8,50.3
4,51.38
1,42.02
6,39.33
7,49.76
1,46.96
5,58.61
4,32.53
8,38.94
9,46.81
5,50.56
6,37.57
5,49.86
4,53.57
5,35.15
6,36.91
5,60.04
3,41.25
7,49.53
7,44.54
3,53.61
7,62.81
8,49.22
7,52.34
3,55.11
9,50.03
3,54.39
5,47.56
8,39.39
7,46.85
7,37.68
5,50.56
95,179.22
69,192.34
92,140.25
70,184.28
50,200.58
95,197.99
32,199.81
70,168.45
74,197.87
87,172.08
45,164.31
56,162.56
74,165.2
5,211.36
59,157.51
26,208.47
85,180.95
70,167.83
49,144.23
79,163.82
4,186.28
72,182.21
78,149.08
50,171.83
51,212.8
49,185.3
49,170.11
80,175.82
88,234.52
86,164.03
79,200.77
56,168.47
89,184.79
71,158.61
68,192.11
82,176.49
76,190.97
53,175.93
44,157.99
57,197.56
56,140.32
23,162.56
58,181.12
76,197.26
58,156.85
99,164.13
86,187.37
28,174.32
96,145.21
29,178.05
74,183.7
57,121.07
51,171.16
66,148
75,162.93
91,163.17
65,184.96
71,178.28
52,190.13
70,167.55
70,176.01
21,157.02
84,173.72
52,224.47
75,219.46
46,156.79
43,193.01
70,191.2
61,183.98
58,181.04
99,192.37
41,185.03
80,202.94
99,178.47
47,213.93
63,188.36
71,164.08
75,173.91
34,175.29
45,208.65
25,212.49
56,183.78
74,162.3
53,164.83
76,172.53
79,179.26
99,187.12
93,191.47
38,202.02
75,188.06
90,201.54
57,165.23
29,183.92
77,166.22
41,167.75
39,219.54
64,209.43
91,145.28
67,185.5
55,168.77
36,174.41
67,169.45
46,159.2
56,184.76
61,228.21
67,151.81
100,158.47
65,186.03
99,169.85
51,154.52
99,198.3
78,149.71
99,182.53
38,204.62
27,224.94
87,177.2
83,182.4
97,189.88
73,214.17
58,159.8
8,150.8
7,149.55
19,154.72
15,188.1
4,151.59
11,209.27
7,184.26
15,184.77
14,168.27
17,178.52
12,190.16
18,176.3
10,195.01
5,176.1
19,186.4
13,158.63
6,190.1
3,198.1
1,165.93
13,162.35
11,203.98
16,177.21
12,192.25
7,164.47
12,210.88
12,171.76
8,180.06
1,166.36
12,203.85
1,200.37
10,149.51
15,180.26
12,203.91
11,203.13
6,139.35
20,158.88
15,194.37
16,170.38
15,179.61
3,221.45
4,181.05
0,179.97
7,192.78
9,174.71
5,168.64
17,156.17
15,186.51
14,173.21
12,166.02
8,159.14
13,207.13
14,183.67
14,171.29
10,200.64
12,179.25
10,177.43
9,180.8
17,166.45
10,156.41
5,172.5
8,158.02
8,179.76
13,163.26
12,177.75
5,184.44
15,187.98
18,146.8
1,196.9
1,171.24
2,220.23
7,200.41
10,207.52
14,183.1
10,175.04
19,173.26
11,159.7
18,175.37
3,198.44
5,168.76
3,165.87
9,145.73
0,179.68
11,184.94
7,227.52
9,149.36
15,182.32
18,200.6
13,183.21
9,195.43
4,185.17
5,179.33
12,196.17
9,183.14
17,156.71
10,174.79
4,174.48
7,220.39
4,189.07
16,152.64
8,185.33
7,176.88
15,171.65
8,166.33
0,163.94
14,192.77
9,206.13
16,173.2
12,171.41
7,202.04
7,168.84
7,178.48
13,188.51
19,187.13
15,192.89
9,163.5
14,174.78
9,182.67
9,193.88
12,147.55
12,182.63
15,169.78
2,225.68
15,206.08
13,154.75
8,165.07
14,197.07
11,183.97
4,165.07
7,213.82
13,155.84
9,188.57
9,199.02
16,189.61
9,178.34
7,187.46
7,193.3
4,169.02
6,165.71
1,169.48
12,174.91
13,171.99
8,179.52
14,172.02
9,161.32
11,164.26
21,206.47
9,158.71
4,207.08
7,177.63
12,193.4
19,190.06
5,171.15
16,198.13
4,160.23
14,167.46
4,195.66
13,175.16
10,194.29
6,188.86
10,182.61
4,180.45
10,191.98
14,184.19
9,211.8
21,199.29
1,201.79
14,187.37
8,215.94
9,182.43
2,210.69
13,212.54
7,205.43
16,185.52
3,188.19
11,179.74
8,217.21
13,170.23
11,180.18
1,191.03
9,199.33
14,206.15
16,170.85
4,137.67
14,197.27
1,148.83
8,181.67
18,166.1
3,185.73
8,184.66
7,175.8
4,189.2
9,205.78
16,156.87
8,185.54
11,186.14
16,183.3
13,190.39
11,166.15
10,162.71
8,189.62
7,212.42
9,186.3
17,152.55
10,174.29
16,146.35
20,134.81
8,191.22
17,187.7
17,219.29
10,206.59
8,218.79
14,171.7
10,168.33
11,160.71
4,217.76
7,140.49
11,170.73
17,196.13
22,170.58
19,160.52
18,181.77
12,195.7
9,159.86
22,162.96
4,177.53
2,179.4
6,156.38
8,196.12
7,204.96
19,184.1
9,186.88
6,193.86
8,171.51
9,169.25
6,155.86
3,176.54
13,168.36
5,149.91
6,189.38
12,194.15
10,186.47
13,185.5
15,186.69
6,179.23
8,158.05
6,189.13
6,181.82
14,150.31
8,177.95
6,160.49
6,184.62
8,197.02
11,184.32
14,195.47
8,191.27
17,208.19
6,178.37
4,169.24
14,166.62
17,189.78
15,145.39
10,164.47
6,163.39
15,159.11
17,169.56
18,188.25
7,184.12
7,199.37
8,175.81
9,175.06
9,190.85
1,188.89
14,192.77
7,179.24
7,170.86
19,171.29
5,168.9
5,161.76
12,169.54
10,173.72
8,180.98
17,181.89
13,172.85
9,244.79
8,176.79
7,148.44
9,216.66
10,161.14
3,183.38
11,175.29
10,167.02
7,234.09
14,168.98
15,242.37
11,160.78
11,190.56
14,195.33
4,196.23
15,209.76
5,172.78
15,201.99
13,162.56
7,191.81
1,170.72
21,189.45
16,189.77
14,201.69
12,191.59
14,154.93
16,149.19
12,165.07
7,156.57
9,162.34
12,177.82
15,205.07
10,155.83
13,181.53
3,195.87
6,170.3
15,167.89
7,187.17
18,153.81
7,164.53
13,174.81
10,152.1
18,157.26
10,203.03
8,172.78
11,164.95
5,182.99
0,170.9
15,150.57
4,187.45
14,135.98
5,187.55
22,241.71
12,168.04
14,156.01
9,189.75
3,178.42
6,211.26
12,171.7
6,145.07
6,194.55
10,157.26
9,153.34
6,193.78
20,200.72
14,193.21
16,176.23
12,172.11
8,193.31
12,174.3
10,164.4
5,162.68
3,173.55
8,172.15
17,202.84
10,197.95
5,167.21
13,136.52
0,199.92
24,152.09
15,170.87
16,137.16
8,164.38
12,212.41
15,163.36
4,158.31
14,162.26
6,211.99
20,160.26
13,228.96
11,182.69
11,162.8
16,193.58
10,161.26
19,201.12
13,181.35
9,168.64
9,175.58
9,160.2
6,192.22
10,197.6
7,189.82
13,205.8
12,193.33
15,132.03
14,190.33
11,173.9
6,179.11
7,209.64
15,161.9
9,166.62
10,161.64
10,162.9
10,178.88
12,171.97
17,179.56
16,188.59
13,151.09
8,194.87
5,200.21
6,196.39
11,193.05
6,183.61
8,166.8
14,190.45
7,184.29
15,197.44
7,170.72
5,168.56
9,168.22
16,165.22
10,143.37
16,224.24
8,173.49
16,190.04
11,178.39
2,194.68
1,170.72
17,181.64
9,207.34
9,189.85
5,142.83
1,168.14
9,161.94
1,151.65
10,177.29
3,173.02
10,182.6
11,208.78
14,160.5
1,170.45
7,164.37
14,180.1
12,192.31
6,167.88
13,231.57
10,189.68
10,192.61
11,218.21
14,168.88
8,150
10,178.17
1,190.84
15,211.34
9,161.98
7,208.42
17,185.7
9,165.15
14,166.68
3,213.12
3,217.91
22,159.47
5,176.44
6,173.35
4,194.1
16,176.01
9,193.08
21,180.84
9,191.52
15,141.96
3,154.33
10,185.15
7,185.38
18,208.96
4,176.97
1,162.58
9,184.14
1,154.74
11,180.91
1,184.74
4,186.24
11,181.3
13,180.36
6,163.72
6,177.04
19,154.59
17,196.37
15,219.84
3,189.97
5,168.09
20,190.94
16,192.12
1,218.67
14,188.26
9,200.32
12,188.22
18,207.01
11,173.38
5,161.51
5,169.75
11,169.66
14,150.46
23,176.96
8,200.62
14,197.08
11,196.95
4,116.58
5,174.58
11,187.16
4,184.46
15,170.72
10,168.24
17,187.67
9,218.58
9,155.02
9,153.84
16,180.65
7,168.76
1,153.5
15,159.53
13,207.44
15,229.3
13,180.6
4,165.09
11,205.4
10,171.19
3,188.24
7,189.25
13,160.94
3,185.58
6,171.79
9,179.7
8,193.68
4,195.95
6,169.72
13,207.05
11,205.62
11,166.64
9,168.34
13,185.5
7,191.31
3,140.59
9,188.61
11,167.46
4,186.26
18,188.34
12,157.73
16,175.69
10,134.54
10,190.28
3,168.01
11,188.49
12,164.43
14,186.42
17,201.97
1,201.38
9,196.34
16,171.64
6,183.96
8,192.31
12,180.63
11,194.13
5,175.76
8,163.89
12,164.29
15,170.9
15,166.87
6,164.77
12,184.45
7,191.82
14,183.61
4,171.42
8,186.55
6,200.37
9,166.72
10,192.38
4,151.88
1,196.56
11,172.43
9,169.64
1,177.33
15,156.76
5,165.76
11,176.43
16,159.11
15,186.67
10,169.32
11,177.78
1,180.73
1,202.18
10,159.31
10,166.8
7,177.09
3,170.6
13,190.14
9,201.05
14,174.91
15,168.01
6,152.99
15,145.17
9,174.44
14,181.52
9,185.27
11,176.37
15,159.92
1,150.21
15,152.6
9,197.71
4,174.78
4,156.2
6,174.5
10,210.4
9,200.05
5,164.96
11,176.5
21,192.86
8,188.22
17,178.57
8,203.38
14,192.32
9,176.15
20,156.61
14,176.51
7,190.66
5,154.62
15,162.97
7,207.96
11,176.65
0,164.56
7,203.41
15,182.19
16,201.68
8,135.38
1,153.45
11,182.71
4,177.44
5,208.52
11,175.58
6,161.6
12,168.09
10,168.77
14,158.86
6,182.16
8,199.42
10,172.99
10,182.44
8,166.96
12,153.58
18,185.68
20,214.8
20,185.39
19,169.35
10,181.75
17,159.89
12,196.52
14,169.65
8,192.21
20,180.29
11,222.08
13,165.1
9,212.75
13,170.64
14,196.2
12,189.99
10,208.96
1,219.39
10,188.25
12,187.13
8,187.28
13,192.74
8,211.2
9,189.88
6,165.58
7,191.88
12,194.22
2,167.22
14,185.37
22,203.8
10,167.05
19,177.48
16,170.22
18,209.76
10,160.04
5,176.17
12,170.91
5,176.14
9,168.03
